"filename", "language", "Rust", "Markdown", "YAML", "JSON", "Skill", "HTML", "comment", "blank", "total"
"/Users/aaronzh/Documents/GitHub/mycode/rust-opencode-port/.github/workflows/ci.yml", "YAML", 0, 0, 41, 0, 0, 0, 0, 14, 55
"/Users/aaronzh/Documents/GitHub/mycode/rust-opencode-port/README.md", "Markdown", 0, 35, 0, 0, 0, 0, 0, 14, 49
"/Users/aaronzh/Documents/GitHub/mycode/rust-opencode-port/TEST_MAPPING.md", "Markdown", 0, 115, 0, 0, 0, 0, 0, 18, 133
"/Users/aaronzh/Documents/GitHub/mycode/rust-opencode-port/crates/agent/src/agent.rs", "Rust", 66, 0, 0, 0, 0, 0, 0, 8, 74
"/Users/aaronzh/Documents/GitHub/mycode/rust-opencode-port/crates/agent/src/build_agent.rs", "Rust", 86, 0, 0, 0, 0, 0, 0, 20, 106
"/Users/aaronzh/Documents/GitHub/mycode/rust-opencode-port/crates/agent/src/debug_agent.rs", "Rust", 90, 0, 0, 0, 0, 0, 0, 22, 112
"/Users/aaronzh/Documents/GitHub/mycode/rust-opencode-port/crates/agent/src/explore_agent.rs", "Rust", 70, 0, 0, 0, 0, 0, 0, 19, 89
"/Users/aaronzh/Documents/GitHub/mycode/rust-opencode-port/crates/agent/src/general_agent.rs", "Rust", 87, 0, 0, 0, 0, 0, 0, 20, 107
"/Users/aaronzh/Documents/GitHub/mycode/rust-opencode-port/crates/agent/src/lib.rs", "Rust", 20, 0, 0, 0, 0, 0, 0, 2, 22
"/Users/aaronzh/Documents/GitHub/mycode/rust-opencode-port/crates/agent/src/plan_agent.rs", "Rust", 86, 0, 0, 0, 0, 0, 0, 20, 106
"/Users/aaronzh/Documents/GitHub/mycode/rust-opencode-port/crates/agent/src/refactor_agent.rs", "Rust", 104, 0, 0, 0, 0, 0, 0, 24, 128
"/Users/aaronzh/Documents/GitHub/mycode/rust-opencode-port/crates/agent/src/review_agent.rs", "Rust", 120, 0, 0, 0, 0, 0, 0, 28, 148
"/Users/aaronzh/Documents/GitHub/mycode/rust-opencode-port/crates/agent/src/skills_actions.rs", "Rust", 47, 0, 0, 0, 0, 0, 0, 12, 59
"/Users/aaronzh/Documents/GitHub/mycode/rust-opencode-port/crates/agent/src/system_agents.rs", "Rust", 189, 0, 0, 0, 0, 0, 0, 55, 244
"/Users/aaronzh/Documents/GitHub/mycode/rust-opencode-port/crates/agent/tests/agent_integration.rs", "Rust", 73, 0, 0, 0, 0, 0, 0, 10, 83
"/Users/aaronzh/Documents/GitHub/mycode/rust-opencode-port/crates/auth/src/credential_ref.rs", "Rust", 270, 0, 0, 0, 0, 0, 42, 34, 346
"/Users/aaronzh/Documents/GitHub/mycode/rust-opencode-port/crates/auth/src/credential_store.rs", "Rust", 208, 0, 0, 0, 0, 0, 0, 41, 249
"/Users/aaronzh/Documents/GitHub/mycode/rust-opencode-port/crates/auth/src/jwt.rs", "Rust", 32, 0, 0, 0, 0, 0, 0, 6, 38
"/Users/aaronzh/Documents/GitHub/mycode/rust-opencode-port/crates/auth/src/lib.rs", "Rust", 13, 0, 0, 0, 0, 0, 0, 2, 15
"/Users/aaronzh/Documents/GitHub/mycode/rust-opencode-port/crates/auth/src/manager.rs", "Rust", 45, 0, 0, 0, 0, 0, 2, 8, 55
"/Users/aaronzh/Documents/GitHub/mycode/rust-opencode-port/crates/auth/src/oauth.rs", "Rust", 858, 0, 0, 0, 0, 0, 0, 128, 986
"/Users/aaronzh/Documents/GitHub/mycode/rust-opencode-port/crates/auth/src/password.rs", "Rust", 8, 0, 0, 0, 0, 0, 0, 3, 11
"/Users/aaronzh/Documents/GitHub/mycode/rust-opencode-port/crates/auth/tests/oauth_browser_tests.rs", "Rust", 117, 0, 0, 0, 0, 0, 0, 17, 134
"/Users/aaronzh/Documents/GitHub/mycode/rust-opencode-port/crates/cli/src/cmd/account.rs", "Rust", 32, 0, 0, 0, 0, 0, 0, 6, 38
"/Users/aaronzh/Documents/GitHub/mycode/rust-opencode-port/crates/cli/src/cmd/acp.rs", "Rust", 29, 0, 0, 0, 0, 0, 0, 6, 35
"/Users/aaronzh/Documents/GitHub/mycode/rust-opencode-port/crates/cli/src/cmd/agent.rs", "Rust", 19, 0, 0, 0, 0, 0, 0, 4, 23
"/Users/aaronzh/Documents/GitHub/mycode/rust-opencode-port/crates/cli/src/cmd/attach.rs", "Rust", 19, 0, 0, 0, 0, 0, 0, 5, 24
"/Users/aaronzh/Documents/GitHub/mycode/rust-opencode-port/crates/cli/src/cmd/bash.rs", "Rust", 82, 0, 0, 0, 0, 0, 0, 11, 93
"/Users/aaronzh/Documents/GitHub/mycode/rust-opencode-port/crates/cli/src/cmd/config.rs", "Rust", 77, 0, 0, 0, 0, 0, 0, 14, 91
"/Users/aaronzh/Documents/GitHub/mycode/rust-opencode-port/crates/cli/src/cmd/db.rs", "Rust", 15, 0, 0, 0, 0, 0, 0, 4, 19
"/Users/aaronzh/Documents/GitHub/mycode/rust-opencode-port/crates/cli/src/cmd/debug.rs", "Rust", 15, 0, 0, 0, 0, 0, 0, 4, 19
"/Users/aaronzh/Documents/GitHub/mycode/rust-opencode-port/crates/cli/src/cmd/export.rs", "Rust", 11, 0, 0, 0, 0, 0, 0, 4, 15
"/Users/aaronzh/Documents/GitHub/mycode/rust-opencode-port/crates/cli/src/cmd/files.rs", "Rust", 70, 0, 0, 0, 0, 0, 0, 6, 76
"/Users/aaronzh/Documents/GitHub/mycode/rust-opencode-port/crates/cli/src/cmd/generate.rs", "Rust", 14, 0, 0, 0, 0, 0, 0, 4, 18
"/Users/aaronzh/Documents/GitHub/mycode/rust-opencode-port/crates/cli/src/cmd/github.rs", "Rust", 15, 0, 0, 0, 0, 0, 0, 4, 19
"/Users/aaronzh/Documents/GitHub/mycode/rust-opencode-port/crates/cli/src/cmd/import.rs", "Rust", 11, 0, 0, 0, 0, 0, 0, 4, 15
"/Users/aaronzh/Documents/GitHub/mycode/rust-opencode-port/crates/cli/src/cmd/list.rs", "Rust", 42, 0, 0, 0, 0, 0, 0, 8, 50
"/Users/aaronzh/Documents/GitHub/mycode/rust-opencode-port/crates/cli/src/cmd/mcp.rs", "Rust", 31, 0, 0, 0, 0, 0, 0, 6, 37
"/Users/aaronzh/Documents/GitHub/mycode/rust-opencode-port/crates/cli/src/cmd/mod.rs", "Rust", 35, 0, 0, 0, 0, 0, 0, 1, 36
"/Users/aaronzh/Documents/GitHub/mycode/rust-opencode-port/crates/cli/src/cmd/models.rs", "Rust", 171, 0, 0, 0, 0, 0, 0, 24, 195
"/Users/aaronzh/Documents/GitHub/mycode/rust-opencode-port/crates/cli/src/cmd/palette.rs", "Rust", 71, 0, 0, 0, 0, 0, 1, 8, 80
"/Users/aaronzh/Documents/GitHub/mycode/rust-opencode-port/crates/cli/src/cmd/pr.rs", "Rust", 14, 0, 0, 0, 0, 0, 0, 4, 18
"/Users/aaronzh/Documents/GitHub/mycode/rust-opencode-port/crates/cli/src/cmd/project.rs", "Rust", 258, 0, 0, 0, 0, 0, 0, 24, 282
"/Users/aaronzh/Documents/GitHub/mycode/rust-opencode-port/crates/cli/src/cmd/prompt.rs", "Rust", 178, 0, 0, 0, 0, 0, 0, 28, 206
"/Users/aaronzh/Documents/GitHub/mycode/rust-opencode-port/crates/cli/src/cmd/providers.rs", "Rust", 200, 0, 0, 0, 0, 0, 0, 27, 227
"/Users/aaronzh/Documents/GitHub/mycode/rust-opencode-port/crates/cli/src/cmd/quick.rs", "Rust", 70, 0, 0, 0, 0, 0, 0, 9, 79
"/Users/aaronzh/Documents/GitHub/mycode/rust-opencode-port/crates/cli/src/cmd/run.rs", "Rust", 68, 0, 0, 0, 0, 0, 0, 15, 83
"/Users/aaronzh/Documents/GitHub/mycode/rust-opencode-port/crates/cli/src/cmd/serve.rs", "Rust", 11, 0, 0, 0, 0, 0, 0, 4, 15
"/Users/aaronzh/Documents/GitHub/mycode/rust-opencode-port/crates/cli/src/cmd/session.rs", "Rust", 417, 0, 0, 0, 0, 0, 0, 46, 463
"/Users/aaronzh/Documents/GitHub/mycode/rust-opencode-port/crates/cli/src/cmd/shortcuts.rs", "Rust", 68, 0, 0, 0, 0, 0, 0, 8, 76
"/Users/aaronzh/Documents/GitHub/mycode/rust-opencode-port/crates/cli/src/cmd/sidebar.rs", "Rust", 56, 0, 0, 0, 0, 0, 0, 6, 62
"/Users/aaronzh/Documents/GitHub/mycode/rust-opencode-port/crates/cli/src/cmd/stats.rs", "Rust", 9, 0, 0, 0, 0, 0, 0, 3, 12
"/Users/aaronzh/Documents/GitHub/mycode/rust-opencode-port/crates/cli/src/cmd/terminal.rs", "Rust", 73, 0, 0, 0, 0, 0, 0, 5, 78
"/Users/aaronzh/Documents/GitHub/mycode/rust-opencode-port/crates/cli/src/cmd/thread.rs", "Rust", 13, 0, 0, 0, 0, 0, 0, 3, 16
"/Users/aaronzh/Documents/GitHub/mycode/rust-opencode-port/crates/cli/src/cmd/ui.rs", "Rust", 65, 0, 0, 0, 0, 0, 0, 8, 73
"/Users/aaronzh/Documents/GitHub/mycode/rust-opencode-port/crates/cli/src/cmd/uninstall.rs", "Rust", 76, 0, 0, 0, 0, 0, 0, 11, 87
"/Users/aaronzh/Documents/GitHub/mycode/rust-opencode-port/crates/cli/src/cmd/upgrade.rs", "Rust", 61, 0, 0, 0, 0, 0, 0, 9, 70
"/Users/aaronzh/Documents/GitHub/mycode/rust-opencode-port/crates/cli/src/cmd/web.rs", "Rust", 9, 0, 0, 0, 0, 0, 0, 3, 12
"/Users/aaronzh/Documents/GitHub/mycode/rust-opencode-port/crates/cli/src/cmd/workspace.rs", "Rust", 119, 0, 0, 0, 0, 0, 0, 12, 131
"/Users/aaronzh/Documents/GitHub/mycode/rust-opencode-port/crates/cli/src/cmd/workspace_serve.rs", "Rust", 9, 0, 0, 0, 0, 0, 0, 3, 12
"/Users/aaronzh/Documents/GitHub/mycode/rust-opencode-port/crates/cli/src/main.rs", "Rust", 356, 0, 0, 0, 0, 0, 3, 79, 438
"/Users/aaronzh/Documents/GitHub/mycode/rust-opencode-port/crates/cli/src/output/mod.rs", "Rust", 2, 0, 0, 0, 0, 0, 0, 1, 3
"/Users/aaronzh/Documents/GitHub/mycode/rust-opencode-port/crates/cli/src/output/ndjson.rs", "Rust", 154, 0, 0, 0, 0, 0, 0, 14, 168
"/Users/aaronzh/Documents/GitHub/mycode/rust-opencode-port/crates/cli/tests/common.rs", "Rust", 176, 0, 0, 0, 0, 0, 2, 29, 207
"/Users/aaronzh/Documents/GitHub/mycode/rust-opencode-port/crates/cli/tests/e2e_command_palette.rs", "Rust", 40, 0, 0, 0, 0, 0, 0, 15, 55
"/Users/aaronzh/Documents/GitHub/mycode/rust-opencode-port/crates/cli/tests/e2e_core_flow.rs", "Rust", 63, 0, 0, 0, 0, 0, 0, 15, 78
"/Users/aaronzh/Documents/GitHub/mycode/rust-opencode-port/crates/cli/tests/e2e_file_management.rs", "Rust", 58, 0, 0, 0, 0, 0, 0, 21, 79
"/Users/aaronzh/Documents/GitHub/mycode/rust-opencode-port/crates/cli/tests/e2e_keyboard_shortcuts.rs", "Rust", 52, 0, 0, 0, 0, 0, 0, 15, 67
"/Users/aaronzh/Documents/GitHub/mycode/rust-opencode-port/crates/cli/tests/e2e_model_visibility.rs", "Rust", 35, 0, 0, 0, 0, 0, 0, 13, 48
"/Users/aaronzh/Documents/GitHub/mycode/rust-opencode-port/crates/cli/tests/e2e_model_workflows.rs", "Rust", 247, 0, 0, 0, 0, 0, 0, 41, 288
"/Users/aaronzh/Documents/GitHub/mycode/rust-opencode-port/crates/cli/tests/e2e_projects_edit.rs", "Rust", 46, 0, 0, 0, 0, 0, 0, 13, 59
"/Users/aaronzh/Documents/GitHub/mycode/rust-opencode-port/crates/cli/tests/e2e_projects_management.rs", "Rust", 43, 0, 0, 0, 0, 0, 0, 18, 61
"/Users/aaronzh/Documents/GitHub/mycode/rust-opencode-port/crates/cli/tests/e2e_projects_workspace.rs", "Rust", 48, 0, 0, 0, 0, 0, 0, 19, 67
"/Users/aaronzh/Documents/GitHub/mycode/rust-opencode-port/crates/cli/tests/e2e_prompt_async.rs", "Rust", 64, 0, 0, 0, 0, 0, 0, 12, 76
"/Users/aaronzh/Documents/GitHub/mycode/rust-opencode-port/crates/cli/tests/e2e_prompt_history.rs", "Rust", 46, 0, 0, 0, 0, 0, 0, 18, 64
"/Users/aaronzh/Documents/GitHub/mycode/rust-opencode-port/crates/cli/tests/e2e_prompt_mentions.rs", "Rust", 59, 0, 0, 0, 0, 0, 0, 13, 72
"/Users/aaronzh/Documents/GitHub/mycode/rust-opencode-port/crates/cli/tests/e2e_prompt_multiline.rs", "Rust", 46, 0, 0, 0, 0, 0, 0, 9, 55
"/Users/aaronzh/Documents/GitHub/mycode/rust-opencode-port/crates/cli/tests/e2e_prompt_shell.rs", "Rust", 63, 0, 0, 0, 0, 0, 0, 12, 75
"/Users/aaronzh/Documents/GitHub/mycode/rust-opencode-port/crates/cli/tests/e2e_prompt_submission.rs", "Rust", 55, 0, 0, 0, 0, 0, 0, 15, 70
"/Users/aaronzh/Documents/GitHub/mycode/rust-opencode-port/crates/cli/tests/e2e_quick_actions.rs", "Rust", 29, 0, 0, 0, 0, 0, 0, 11, 40
"/Users/aaronzh/Documents/GitHub/mycode/rust-opencode-port/crates/cli/tests/e2e_run_command.rs", "Rust", 21, 0, 0, 0, 0, 0, 0, 5, 26
"/Users/aaronzh/Documents/GitHub/mycode/rust-opencode-port/crates/cli/tests/e2e_session_persistence.rs", "Rust", 49, 0, 0, 0, 0, 0, 0, 20, 69
"/Users/aaronzh/Documents/GitHub/mycode/rust-opencode-port/crates/cli/tests/e2e_session_undo_redo.rs", "Rust", 88, 0, 0, 0, 0, 0, 0, 33, 121
"/Users/aaronzh/Documents/GitHub/mycode/rust-opencode-port/crates/cli/tests/e2e_session_workflows.rs", "Rust", 97, 0, 0, 0, 0, 0, 0, 13, 110
"/Users/aaronzh/Documents/GitHub/mycode/rust-opencode-port/crates/cli/tests/e2e_settings_workflows.rs", "Rust", 55, 0, 0, 0, 0, 0, 0, 11, 66
"/Users/aaronzh/Documents/GitHub/mycode/rust-opencode-port/crates/cli/tests/e2e_sidebar.rs", "Rust", 33, 0, 0, 0, 0, 0, 0, 14, 47
"/Users/aaronzh/Documents/GitHub/mycode/rust-opencode-port/crates/cli/tests/e2e_terminal.rs", "Rust", 30, 0, 0, 0, 0, 0, 0, 12, 42
"/Users/aaronzh/Documents/GitHub/mycode/rust-opencode-port/crates/cli/tests/e2e_terminal_workflows.rs", "Rust", 45, 0, 0, 0, 0, 0, 0, 9, 54
"/Users/aaronzh/Documents/GitHub/mycode/rust-opencode-port/crates/control-plane/src/account.rs", "Rust", 70, 0, 0, 0, 0, 0, 0, 13, 83
"/Users/aaronzh/Documents/GitHub/mycode/rust-opencode-port/crates/control-plane/src/acp_stream.rs", "Rust", 155, 0, 0, 0, 0, 0, 0, 23, 178
"/Users/aaronzh/Documents/GitHub/mycode/rust-opencode-port/crates/control-plane/src/enterprise.rs", "Rust", 75, 0, 0, 0, 0, 0, 0, 14, 89
"/Users/aaronzh/Documents/GitHub/mycode/rust-opencode-port/crates/control-plane/src/events.rs", "Rust", 37, 0, 0, 0, 0, 0, 0, 7, 44
"/Users/aaronzh/Documents/GitHub/mycode/rust-opencode-port/crates/control-plane/src/jwks.rs", "Rust", 125, 0, 0, 0, 0, 0, 7, 24, 156
"/Users/aaronzh/Documents/GitHub/mycode/rust-opencode-port/crates/control-plane/src/lib.rs", "Rust", 14, 0, 0, 0, 0, 0, 0, 2, 16
"/Users/aaronzh/Documents/GitHub/mycode/rust-opencode-port/crates/control-plane/src/saml.rs", "Rust", 136, 0, 0, 0, 0, 0, 6, 21, 163
"/Users/aaronzh/Documents/GitHub/mycode/rust-opencode-port/crates/control-plane/src/sso.rs", "Rust", 84, 0, 0, 0, 0, 0, 0, 14, 98
"/Users/aaronzh/Documents/GitHub/mycode/rust-opencode-port/crates/control-plane/src/workspace.rs", "Rust", 39, 0, 0, 0, 0, 0, 0, 7, 46
"/Users/aaronzh/Documents/GitHub/mycode/rust-opencode-port/crates/core/skills/architect/SKILL.md", "Skill", 0, 0, 0, 0, 7, 0, 0, 2, 9
"/Users/aaronzh/Documents/GitHub/mycode/rust-opencode-port/crates/core/skills/code-review/SKILL.md", "Skill", 0, 0, 0, 0, 7, 0, 0, 2, 9
"/Users/aaronzh/Documents/GitHub/mycode/rust-opencode-port/crates/core/skills/data-analyst/SKILL.md", "Skill", 0, 0, 0, 0, 7, 0, 0, 2, 9
"/Users/aaronzh/Documents/GitHub/mycode/rust-opencode-port/crates/core/skills/debugger/SKILL.md", "Skill", 0, 0, 0, 0, 7, 0, 0, 2, 9
"/Users/aaronzh/Documents/GitHub/mycode/rust-opencode-port/crates/core/skills/devops/SKILL.md", "Skill", 0, 0, 0, 0, 7, 0, 0, 2, 9
"/Users/aaronzh/Documents/GitHub/mycode/rust-opencode-port/crates/core/skills/doc-writer/SKILL.md", "Skill", 0, 0, 0, 0, 7, 0, 0, 2, 9
"/Users/aaronzh/Documents/GitHub/mycode/rust-opencode-port/crates/core/skills/performance/SKILL.md", "Skill", 0, 0, 0, 0, 7, 0, 0, 2, 9
"/Users/aaronzh/Documents/GitHub/mycode/rust-opencode-port/crates/core/skills/refactorer/SKILL.md", "Skill", 0, 0, 0, 0, 7, 0, 0, 2, 9
"/Users/aaronzh/Documents/GitHub/mycode/rust-opencode-port/crates/core/skills/security-auditor/SKILL.md", "Skill", 0, 0, 0, 0, 7, 0, 0, 2, 9
"/Users/aaronzh/Documents/GitHub/mycode/rust-opencode-port/crates/core/skills/test-writer/SKILL.md", "Skill", 0, 0, 0, 0, 7, 0, 0, 2, 9
"/Users/aaronzh/Documents/GitHub/mycode/rust-opencode-port/crates/core/src/account.rs", "Rust", 101, 0, 0, 0, 0, 0, 0, 18, 119
"/Users/aaronzh/Documents/GitHub/mycode/rust-opencode-port/crates/core/src/acp.rs", "Rust", 38, 0, 0, 0, 0, 0, 0, 7, 45
"/Users/aaronzh/Documents/GitHub/mycode/rust-opencode-port/crates/core/src/bus.rs", "Rust", 245, 0, 0, 0, 0, 0, 0, 28, 273
"/Users/aaronzh/Documents/GitHub/mycode/rust-opencode-port/crates/core/src/checkpoint.rs", "Rust", 219, 0, 0, 0, 0, 0, 0, 45, 264
"/Users/aaronzh/Documents/GitHub/mycode/rust-opencode-port/crates/core/src/cli.rs", "Rust", 41, 0, 0, 0, 0, 0, 0, 9, 50
"/Users/aaronzh/Documents/GitHub/mycode/rust-opencode-port/crates/core/src/command.rs", "Rust", 973, 0, 0, 0, 0, 0, 5, 165, 1143
"/Users/aaronzh/Documents/GitHub/mycode/rust-opencode-port/crates/core/src/compaction.rs", "Rust", 589, 0, 0, 0, 0, 0, 25, 85, 699
"/Users/aaronzh/Documents/GitHub/mycode/rust-opencode-port/crates/core/src/config.rs", "Rust", 2764, 0, 0, 0, 0, 0, 234, 521, 3519
"/Users/aaronzh/Documents/GitHub/mycode/rust-opencode-port/crates/core/src/config/builtin_config.schema.json", "JSON", 0, 0, 0, 23, 0, 0, 0, 1, 24
"/Users/aaronzh/Documents/GitHub/mycode/rust-opencode-port/crates/core/src/config/directory_scanner.rs", "Rust", 594, 0, 0, 0, 0, 0, 36, 73, 703
"/Users/aaronzh/Documents/GitHub/mycode/rust-opencode-port/crates/core/src/config/jsonc.rs", "Rust", 123, 0, 0, 0, 0, 0, 6, 17, 146
"/Users/aaronzh/Documents/GitHub/mycode/rust-opencode-port/crates/core/src/config/merge.rs", "Rust", 60, 0, 0, 0, 0, 0, 2, 15, 77
"/Users/aaronzh/Documents/GitHub/mycode/rust-opencode-port/crates/core/src/config/remote_cache.rs", "Rust", 112, 0, 0, 0, 0, 0, 0, 17, 129
"/Users/aaronzh/Documents/GitHub/mycode/rust-opencode-port/crates/core/src/config/schema.rs", "Rust", 403, 0, 0, 0, 0, 0, 0, 62, 465
"/Users/aaronzh/Documents/GitHub/mycode/rust-opencode-port/crates/core/src/context.rs", "Rust", 484, 0, 0, 0, 0, 0, 0, 71, 555
"/Users/aaronzh/Documents/GitHub/mycode/rust-opencode-port/crates/core/src/control_plane.rs", "Rust", 36, 0, 0, 0, 0, 0, 0, 8, 44
"/Users/aaronzh/Documents/GitHub/mycode/rust-opencode-port/crates/core/src/credential_store.rs", "Rust", 80, 0, 0, 0, 0, 0, 0, 14, 94
"/Users/aaronzh/Documents/GitHub/mycode/rust-opencode-port/crates/core/src/directory.rs", "Rust", 491, 0, 0, 0, 0, 0, 0, 77, 568
"/Users/aaronzh/Documents/GitHub/mycode/rust-opencode-port/crates/core/src/effect.rs", "Rust", 81, 0, 0, 0, 0, 0, 2, 16, 99
"/Users/aaronzh/Documents/GitHub/mycode/rust-opencode-port/crates/core/src/enterprise.rs", "Rust", 132, 0, 0, 0, 0, 0, 0, 25, 157
"/Users/aaronzh/Documents/GitHub/mycode/rust-opencode-port/crates/core/src/env.rs", "Rust", 49, 0, 0, 0, 0, 0, 13, 15, 77
"/Users/aaronzh/Documents/GitHub/mycode/rust-opencode-port/crates/core/src/error.rs", "Rust", 370, 0, 0, 0, 0, 0, 52, 71, 493
"/Users/aaronzh/Documents/GitHub/mycode/rust-opencode-port/crates/core/src/executor.rs", "Rust", 201, 0, 0, 0, 0, 0, 0, 34, 235
"/Users/aaronzh/Documents/GitHub/mycode/rust-opencode-port/crates/core/src/filesystem.rs", "Rust", 126, 0, 0, 0, 0, 0, 0, 20, 146
"/Users/aaronzh/Documents/GitHub/mycode/rust-opencode-port/crates/core/src/flag.rs", "Rust", 380, 0, 0, 0, 0, 0, 9, 54, 443
"/Users/aaronzh/Documents/GitHub/mycode/rust-opencode-port/crates/core/src/format.rs", "Rust", 123, 0, 0, 0, 0, 0, 0, 26, 149
"/Users/aaronzh/Documents/GitHub/mycode/rust-opencode-port/crates/core/src/formatter.rs", "Rust", 283, 0, 0, 0, 0, 0, 0, 48, 331
"/Users/aaronzh/Documents/GitHub/mycode/rust-opencode-port/crates/core/src/global.rs", "Rust", 18, 0, 0, 0, 0, 0, 0, 3, 21
"/Users/aaronzh/Documents/GitHub/mycode/rust-opencode-port/crates/core/src/id.rs", "Rust", 35, 0, 0, 0, 0, 0, 0, 9, 44
"/Users/aaronzh/Documents/GitHub/mycode/rust-opencode-port/crates/core/src/ide.rs", "Rust", 156, 0, 0, 0, 0, 0, 7, 26, 189
"/Users/aaronzh/Documents/GitHub/mycode/rust-opencode-port/crates/core/src/installation.rs", "Rust", 39, 0, 0, 0, 0, 0, 0, 7, 46
"/Users/aaronzh/Documents/GitHub/mycode/rust-opencode-port/crates/core/src/instance.rs", "Rust", 40, 0, 0, 0, 0, 0, 0, 10, 50
"/Users/aaronzh/Documents/GitHub/mycode/rust-opencode-port/crates/core/src/instructions.rs", "Rust", 207, 0, 0, 0, 0, 0, 0, 44, 251
"/Users/aaronzh/Documents/GitHub/mycode/rust-opencode-port/crates/core/src/lib.rs", "Rust", 104, 0, 0, 0, 0, 0, 16, 3, 123
"/Users/aaronzh/Documents/GitHub/mycode/rust-opencode-port/crates/core/src/mcp.rs", "Rust", 252, 0, 0, 0, 0, 0, 0, 34, 286
"/Users/aaronzh/Documents/GitHub/mycode/rust-opencode-port/crates/core/src/message.rs", "Rust", 62, 0, 0, 0, 0, 0, 0, 12, 74
"/Users/aaronzh/Documents/GitHub/mycode/rust-opencode-port/crates/core/src/observability.rs", "Rust", 210, 0, 0, 0, 0, 0, 0, 28, 238
"/Users/aaronzh/Documents/GitHub/mycode/rust-opencode-port/crates/core/src/permission.rs", "Rust", 144, 0, 0, 0, 0, 0, 0, 26, 170
"/Users/aaronzh/Documents/GitHub/mycode/rust-opencode-port/crates/core/src/plugin.rs", "Rust", 241, 0, 0, 0, 0, 0, 0, 41, 282
"/Users/aaronzh/Documents/GitHub/mycode/rust-opencode-port/crates/core/src/processor.rs", "Rust", 38, 0, 0, 0, 0, 0, 0, 10, 48
"/Users/aaronzh/Documents/GitHub/mycode/rust-opencode-port/crates/core/src/project.rs", "Rust", 137, 0, 0, 0, 0, 0, 0, 25, 162
"/Users/aaronzh/Documents/GitHub/mycode/rust-opencode-port/crates/core/src/prompt.rs", "Rust", 105, 0, 0, 0, 0, 0, 0, 23, 128
"/Users/aaronzh/Documents/GitHub/mycode/rust-opencode-port/crates/core/src/pty.rs", "Rust", 25, 0, 0, 0, 0, 0, 0, 6, 31
"/Users/aaronzh/Documents/GitHub/mycode/rust-opencode-port/crates/core/src/question.rs", "Rust", 42, 0, 0, 0, 0, 0, 0, 8, 50
"/Users/aaronzh/Documents/GitHub/mycode/rust-opencode-port/crates/core/src/revert.rs", "Rust", 112, 0, 0, 0, 0, 0, 0, 28, 140
"/Users/aaronzh/Documents/GitHub/mycode/rust-opencode-port/crates/core/src/server.rs", "Rust", 38, 0, 0, 0, 0, 0, 0, 8, 46
"/Users/aaronzh/Documents/GitHub/mycode/rust-opencode-port/crates/core/src/session.rs", "Rust", 843, 0, 0, 0, 0, 0, 4, 127, 974
"/Users/aaronzh/Documents/GitHub/mycode/rust-opencode-port/crates/core/src/session_state.rs", "Rust", 301, 0, 0, 0, 0, 0, 0, 45, 346
"/Users/aaronzh/Documents/GitHub/mycode/rust-opencode-port/crates/core/src/share.rs", "Rust", 185, 0, 0, 0, 0, 0, 0, 38, 223
"/Users/aaronzh/Documents/GitHub/mycode/rust-opencode-port/crates/core/src/shell.rs", "Rust", 48, 0, 0, 0, 0, 0, 0, 11, 59
"/Users/aaronzh/Documents/GitHub/mycode/rust-opencode-port/crates/core/src/skill.rs", "Rust", 427, 0, 0, 0, 0, 0, 2, 57, 486
"/Users/aaronzh/Documents/GitHub/mycode/rust-opencode-port/crates/core/src/skill_integration.rs", "Rust", 127, 0, 0, 0, 0, 0, 0, 23, 150
"/Users/aaronzh/Documents/GitHub/mycode/rust-opencode-port/crates/core/src/snapshot.rs", "Rust", 89, 0, 0, 0, 0, 0, 0, 22, 111
"/Users/aaronzh/Documents/GitHub/mycode/rust-opencode-port/crates/core/src/status.rs", "Rust", 104, 0, 0, 0, 0, 0, 0, 18, 122
"/Users/aaronzh/Documents/GitHub/mycode/rust-opencode-port/crates/core/src/storage.rs", "Rust", 99, 0, 0, 0, 0, 0, 0, 23, 122
"/Users/aaronzh/Documents/GitHub/mycode/rust-opencode-port/crates/core/src/summary.rs", "Rust", 182, 0, 0, 0, 0, 0, 0, 24, 206
"/Users/aaronzh/Documents/GitHub/mycode/rust-opencode-port/crates/core/src/sync.rs", "Rust", 99, 0, 0, 0, 0, 0, 0, 18, 117
"/Users/aaronzh/Documents/GitHub/mycode/rust-opencode-port/crates/core/src/token_counter.rs", "Rust", 257, 0, 0, 0, 0, 0, 1, 44, 302
"/Users/aaronzh/Documents/GitHub/mycode/rust-opencode-port/crates/core/src/tool.rs", "Rust", 573, 0, 0, 0, 0, 0, 0, 67, 640
"/Users/aaronzh/Documents/GitHub/mycode/rust-opencode-port/crates/core/src/tool_config.rs", "Rust", 46, 0, 0, 0, 0, 0, 0, 12, 58
"/Users/aaronzh/Documents/GitHub/mycode/rust-opencode-port/crates/core/src/util.rs", "Rust", 43, 0, 0, 0, 0, 0, 0, 9, 52
"/Users/aaronzh/Documents/GitHub/mycode/rust-opencode-port/crates/core/src/watcher.rs", "Rust", 195, 0, 0, 0, 0, 0, 0, 32, 227
"/Users/aaronzh/Documents/GitHub/mycode/rust-opencode-port/crates/core/src/worktree.rs", "Rust", 87, 0, 0, 0, 0, 0, 0, 15, 102
"/Users/aaronzh/Documents/GitHub/mycode/rust-opencode-port/crates/core/tests/filesystem_test.rs", "Rust", 76, 0, 0, 0, 0, 0, 0, 17, 93
"/Users/aaronzh/Documents/GitHub/mycode/rust-opencode-port/crates/core/tests/session_test.rs", "Rust", 265, 0, 0, 0, 0, 0, 0, 48, 313
"/Users/aaronzh/Documents/GitHub/mycode/rust-opencode-port/crates/git/src/github.rs", "Rust", 340, 0, 0, 0, 0, 0, 0, 37, 377
"/Users/aaronzh/Documents/GitHub/mycode/rust-opencode-port/crates/git/src/lib.rs", "Rust", 54, 0, 0, 0, 0, 0, 0, 10, 64
"/Users/aaronzh/Documents/GitHub/mycode/rust-opencode-port/crates/llm/src/ai21.rs", "Rust", 214, 0, 0, 0, 0, 0, 0, 31, 245
"/Users/aaronzh/Documents/GitHub/mycode/rust-opencode-port/crates/llm/src/anthropic.rs", "Rust", 145, 0, 0, 0, 0, 0, 0, 24, 169
"/Users/aaronzh/Documents/GitHub/mycode/rust-opencode-port/crates/llm/src/auth.rs", "Rust", 539, 0, 0, 0, 0, 0, 27, 90, 656
"/Users/aaronzh/Documents/GitHub/mycode/rust-opencode-port/crates/llm/src/auth_layered/layer1_credential_source.rs", "Rust", 398, 0, 0, 0, 0, 0, 0, 53, 451
"/Users/aaronzh/Documents/GitHub/mycode/rust-opencode-port/crates/llm/src/auth_layered/layer2_auth_mechanism.rs", "Rust", 54, 0, 0, 0, 0, 0, 0, 9, 63
"/Users/aaronzh/Documents/GitHub/mycode/rust-opencode-port/crates/llm/src/auth_layered/layer3_provider_transport.rs", "Rust", 191, 0, 0, 0, 0, 0, 0, 32, 223
"/Users/aaronzh/Documents/GitHub/mycode/rust-opencode-port/crates/llm/src/auth_layered/layer4_runtime_access_control.rs", "Rust", 127, 0, 0, 0, 0, 0, 0, 25, 152
"/Users/aaronzh/Documents/GitHub/mycode/rust-opencode-port/crates/llm/src/auth_layered/mod.rs", "Rust", 21, 0, 0, 0, 0, 0, 0, 4, 25
"/Users/aaronzh/Documents/GitHub/mycode/rust-opencode-port/crates/llm/src/auth_layered/tests.rs", "Rust", 145, 0, 0, 0, 0, 0, 0, 33, 178
"/Users/aaronzh/Documents/GitHub/mycode/rust-opencode-port/crates/llm/src/azure.rs", "Rust", 123, 0, 0, 0, 0, 0, 0, 21, 144
"/Users/aaronzh/Documents/GitHub/mycode/rust-opencode-port/crates/llm/src/bedrock.rs", "Rust", 257, 0, 0, 0, 0, 0, 0, 35, 292
"/Users/aaronzh/Documents/GitHub/mycode/rust-opencode-port/crates/llm/src/cerebras.rs", "Rust", 103, 0, 0, 0, 0, 0, 0, 16, 119
"/Users/aaronzh/Documents/GitHub/mycode/rust-opencode-port/crates/llm/src/cohere.rs", "Rust", 108, 0, 0, 0, 0, 0, 0, 18, 126
"/Users/aaronzh/Documents/GitHub/mycode/rust-opencode-port/crates/llm/src/copilot.rs", "Rust", 117, 0, 0, 0, 0, 0, 0, 21, 138
"/Users/aaronzh/Documents/GitHub/mycode/rust-opencode-port/crates/llm/src/deepinfra.rs", "Rust", 105, 0, 0, 0, 0, 0, 0, 16, 121
"/Users/aaronzh/Documents/GitHub/mycode/rust-opencode-port/crates/llm/src/error.rs", "Rust", 132, 0, 0, 0, 0, 0, 0, 10, 142
"/Users/aaronzh/Documents/GitHub/mycode/rust-opencode-port/crates/llm/src/google.rs", "Rust", 150, 0, 0, 0, 0, 0, 0, 25, 175
"/Users/aaronzh/Documents/GitHub/mycode/rust-opencode-port/crates/llm/src/groq.rs", "Rust", 105, 0, 0, 0, 0, 0, 0, 16, 121
"/Users/aaronzh/Documents/GitHub/mycode/rust-opencode-port/crates/llm/src/huggingface.rs", "Rust", 239, 0, 0, 0, 0, 0, 0, 33, 272
"/Users/aaronzh/Documents/GitHub/mycode/rust-opencode-port/crates/llm/src/lib.rs", "Rust", 50, 0, 0, 0, 0, 0, 0, 2, 52
"/Users/aaronzh/Documents/GitHub/mycode/rust-opencode-port/crates/llm/src/mistral.rs", "Rust", 105, 0, 0, 0, 0, 0, 0, 16, 121
"/Users/aaronzh/Documents/GitHub/mycode/rust-opencode-port/crates/llm/src/models.rs", "Rust", 376, 0, 0, 0, 0, 0, 12, 42, 430
"/Users/aaronzh/Documents/GitHub/mycode/rust-opencode-port/crates/llm/src/ollama.rs", "Rust", 118, 0, 0, 0, 0, 0, 0, 21, 139
"/Users/aaronzh/Documents/GitHub/mycode/rust-opencode-port/crates/llm/src/openai.rs", "Rust", 433, 0, 0, 0, 0, 0, 0, 72, 505
"/Users/aaronzh/Documents/GitHub/mycode/rust-opencode-port/crates/llm/src/openai_browser_auth.rs", "Rust", 318, 0, 0, 0, 0, 0, 0, 44, 362
"/Users/aaronzh/Documents/GitHub/mycode/rust-opencode-port/crates/llm/src/openrouter.rs", "Rust", 104, 0, 0, 0, 0, 0, 1, 16, 121
"/Users/aaronzh/Documents/GitHub/mycode/rust-opencode-port/crates/llm/src/perplexity.rs", "Rust", 105, 0, 0, 0, 0, 0, 0, 16, 121
"/Users/aaronzh/Documents/GitHub/mycode/rust-opencode-port/crates/llm/src/provider.rs", "Rust", 156, 0, 0, 0, 0, 0, 0, 23, 179
"/Users/aaronzh/Documents/GitHub/mycode/rust-opencode-port/crates/llm/src/provider_adapter.rs", "Rust", 189, 0, 0, 0, 0, 0, 5, 40, 234
"/Users/aaronzh/Documents/GitHub/mycode/rust-opencode-port/crates/llm/src/provider_filter.rs", "Rust", 64, 0, 0, 0, 0, 0, 0, 15, 79
"/Users/aaronzh/Documents/GitHub/mycode/rust-opencode-port/crates/llm/src/provider_registry.rs", "Rust", 199, 0, 0, 0, 0, 0, 0, 33, 232
"/Users/aaronzh/Documents/GitHub/mycode/rust-opencode-port/crates/llm/src/sap_aicore.rs", "Rust", 309, 0, 0, 0, 0, 0, 0, 44, 353
"/Users/aaronzh/Documents/GitHub/mycode/rust-opencode-port/crates/llm/src/togetherai.rs", "Rust", 105, 0, 0, 0, 0, 0, 0, 16, 121
"/Users/aaronzh/Documents/GitHub/mycode/rust-opencode-port/crates/llm/src/transform.rs", "Rust", 64, 0, 0, 0, 0, 0, 0, 14, 78
"/Users/aaronzh/Documents/GitHub/mycode/rust-opencode-port/crates/llm/src/vercel.rs", "Rust", 105, 0, 0, 0, 0, 0, 0, 16, 121
"/Users/aaronzh/Documents/GitHub/mycode/rust-opencode-port/crates/llm/src/vertex.rs", "Rust", 135, 0, 0, 0, 0, 0, 0, 19, 154
"/Users/aaronzh/Documents/GitHub/mycode/rust-opencode-port/crates/llm/src/xai.rs", "Rust", 104, 0, 0, 0, 0, 0, 0, 16, 120
"/Users/aaronzh/Documents/GitHub/mycode/rust-opencode-port/crates/llm/tests/env_credential_tests.rs", "Rust", 89, 0, 0, 0, 0, 0, 0, 18, 107
"/Users/aaronzh/Documents/GitHub/mycode/rust-opencode-port/crates/llm/tests/provider_control_tests.rs", "Rust", 80, 0, 0, 0, 0, 0, 0, 13, 93
"/Users/aaronzh/Documents/GitHub/mycode/rust-opencode-port/crates/llm/tests/provider_protocol_tests.rs", "Rust", 65, 0, 0, 0, 0, 0, 0, 9, 74
"/Users/aaronzh/Documents/GitHub/mycode/rust-opencode-port/crates/lsp/src/aggregator.rs", "Rust", 114, 0, 0, 0, 0, 0, 0, 18, 132
"/Users/aaronzh/Documents/GitHub/mycode/rust-opencode-port/crates/lsp/src/client.rs", "Rust", 242, 0, 0, 0, 0, 0, 0, 47, 289
"/Users/aaronzh/Documents/GitHub/mycode/rust-opencode-port/crates/lsp/src/language.rs", "Rust", 103, 0, 0, 0, 0, 0, 0, 14, 117
"/Users/aaronzh/Documents/GitHub/mycode/rust-opencode-port/crates/lsp/src/launch.rs", "Rust", 44, 0, 0, 0, 0, 0, 0, 8, 52
"/Users/aaronzh/Documents/GitHub/mycode/rust-opencode-port/crates/lsp/src/lib.rs", "Rust", 14, 0, 0, 0, 0, 0, 0, 2, 16
"/Users/aaronzh/Documents/GitHub/mycode/rust-opencode-port/crates/lsp/src/manager.rs", "Rust", 111, 0, 0, 0, 0, 0, 0, 22, 133
"/Users/aaronzh/Documents/GitHub/mycode/rust-opencode-port/crates/lsp/src/server.rs", "Rust", 248, 0, 0, 0, 0, 0, 0, 58, 306
"/Users/aaronzh/Documents/GitHub/mycode/rust-opencode-port/crates/lsp/src/types.rs", "Rust", 55, 0, 0, 0, 0, 0, 0, 9, 64
"/Users/aaronzh/Documents/GitHub/mycode/rust-opencode-port/crates/mcp/src/auth.rs", "Rust", 224, 0, 0, 0, 0, 0, 0, 46, 270
"/Users/aaronzh/Documents/GitHub/mycode/rust-opencode-port/crates/mcp/src/client.rs", "Rust", 862, 0, 0, 0, 0, 0, 0, 129, 991
"/Users/aaronzh/Documents/GitHub/mycode/rust-opencode-port/crates/mcp/src/integration.rs", "Rust", 24, 0, 0, 0, 0, 0, 0, 6, 30
"/Users/aaronzh/Documents/GitHub/mycode/rust-opencode-port/crates/mcp/src/lib.rs", "Rust", 16, 0, 0, 0, 0, 0, 0, 2, 18
"/Users/aaronzh/Documents/GitHub/mycode/rust-opencode-port/crates/mcp/src/protocol.rs", "Rust", 240, 0, 0, 0, 0, 0, 0, 38, 278
"/Users/aaronzh/Documents/GitHub/mycode/rust-opencode-port/crates/mcp/src/registry.rs", "Rust", 216, 0, 0, 0, 0, 0, 0, 40, 256
"/Users/aaronzh/Documents/GitHub/mycode/rust-opencode-port/crates/mcp/src/server.rs", "Rust", 164, 0, 0, 0, 0, 0, 0, 25, 189
"/Users/aaronzh/Documents/GitHub/mycode/rust-opencode-port/crates/mcp/src/tool_bridge.rs", "Rust", 119, 0, 0, 0, 0, 0, 0, 24, 143
"/Users/aaronzh/Documents/GitHub/mycode/rust-opencode-port/crates/permission/src/audit_log.rs", "Rust", 192, 0, 0, 0, 0, 0, 0, 28, 220
"/Users/aaronzh/Documents/GitHub/mycode/rust-opencode-port/crates/permission/src/evaluator.rs", "Rust", 218, 0, 0, 0, 0, 0, 1, 46, 265
"/Users/aaronzh/Documents/GitHub/mycode/rust-opencode-port/crates/permission/src/lib.rs", "Rust", 20, 0, 0, 0, 0, 0, 7, 4, 31
"/Users/aaronzh/Documents/GitHub/mycode/rust-opencode-port/crates/permission/src/models.rs", "Rust", 33, 0, 0, 0, 0, 0, 0, 8, 41
"/Users/aaronzh/Documents/GitHub/mycode/rust-opencode-port/crates/permission/src/queue.rs", "Rust", 224, 0, 0, 0, 0, 0, 0, 34, 258
"/Users/aaronzh/Documents/GitHub/mycode/rust-opencode-port/crates/permission/src/sensitive_file.rs", "Rust", 291, 0, 0, 0, 0, 0, 134, 46, 471
"/Users/aaronzh/Documents/GitHub/mycode/rust-opencode-port/crates/plugin/src/discovery.rs", "Rust", 211, 0, 0, 0, 0, 0, 0, 30, 241
"/Users/aaronzh/Documents/GitHub/mycode/rust-opencode-port/crates/plugin/src/lib.rs", "Rust", 291, 0, 0, 0, 0, 0, 0, 54, 345
"/Users/aaronzh/Documents/GitHub/mycode/rust-opencode-port/crates/plugin/src/loader.rs", "Rust", 33, 0, 0, 0, 0, 0, 7, 8, 48
"/Users/aaronzh/Documents/GitHub/mycode/rust-opencode-port/crates/plugin/src/registry.rs", "Rust", 23, 0, 0, 0, 0, 0, 0, 6, 29
"/Users/aaronzh/Documents/GitHub/mycode/rust-opencode-port/crates/plugin/src/wasm_runtime.rs", "Rust", 130, 0, 0, 0, 0, 0, 0, 24, 154
"/Users/aaronzh/Documents/GitHub/mycode/rust-opencode-port/crates/sdk/examples/basic.rs", "Rust", 83, 0, 0, 0, 0, 0, 16, 19, 118
"/Users/aaronzh/Documents/GitHub/mycode/rust-opencode-port/crates/sdk/src/auth.rs", "Rust", 68, 0, 0, 0, 0, 0, 11, 16, 95
"/Users/aaronzh/Documents/GitHub/mycode/rust-opencode-port/crates/sdk/src/client.rs", "Rust", 425, 0, 0, 0, 0, 0, 77, 72, 574
"/Users/aaronzh/Documents/GitHub/mycode/rust-opencode-port/crates/sdk/src/error.rs", "Rust", 229, 0, 0, 0, 0, 0, 34, 43, 306
"/Users/aaronzh/Documents/GitHub/mycode/rust-opencode-port/crates/sdk/src/lib.rs", "Rust", 11, 0, 0, 0, 0, 0, 42, 4, 57
"/Users/aaronzh/Documents/GitHub/mycode/rust-opencode-port/crates/sdk/src/session.rs", "Rust", 178, 0, 0, 0, 0, 0, 51, 51, 280
"/Users/aaronzh/Documents/GitHub/mycode/rust-opencode-port/crates/sdk/src/tools.rs", "Rust", 167, 0, 0, 0, 0, 0, 39, 42, 248
"/Users/aaronzh/Documents/GitHub/mycode/rust-opencode-port/crates/server/src/lib.rs", "Rust", 109, 0, 0, 0, 0, 0, 0, 17, 126
"/Users/aaronzh/Documents/GitHub/mycode/rust-opencode-port/crates/server/src/mdns.rs", "Rust", 91, 0, 0, 0, 0, 0, 0, 18, 109
"/Users/aaronzh/Documents/GitHub/mycode/rust-opencode-port/crates/server/src/middleware.rs", "Rust", 38, 0, 0, 0, 0, 0, 0, 10, 48
"/Users/aaronzh/Documents/GitHub/mycode/rust-opencode-port/crates/server/src/routes/config.rs", "Rust", 104, 0, 0, 0, 0, 0, 0, 11, 115
"/Users/aaronzh/Documents/GitHub/mycode/rust-opencode-port/crates/server/src/routes/error.rs", "Rust", 24, 0, 0, 0, 0, 0, 0, 4, 28
"/Users/aaronzh/Documents/GitHub/mycode/rust-opencode-port/crates/server/src/routes/export.rs", "Rust", 140, 0, 0, 0, 0, 0, 5, 25, 170
"/Users/aaronzh/Documents/GitHub/mycode/rust-opencode-port/crates/server/src/routes/mcp.rs", "Rust", 28, 0, 0, 0, 0, 0, 0, 6, 34
"/Users/aaronzh/Documents/GitHub/mycode/rust-opencode-port/crates/server/src/routes/mod.rs", "Rust", 54, 0, 0, 0, 0, 0, 0, 3, 57
"/Users/aaronzh/Documents/GitHub/mycode/rust-opencode-port/crates/server/src/routes/model.rs", "Rust", 20, 0, 0, 0, 0, 0, 0, 4, 24
"/Users/aaronzh/Documents/GitHub/mycode/rust-opencode-port/crates/server/src/routes/permission.rs", "Rust", 34, 0, 0, 0, 0, 0, 0, 5, 39
"/Users/aaronzh/Documents/GitHub/mycode/rust-opencode-port/crates/server/src/routes/provider.rs", "Rust", 324, 0, 0, 0, 0, 0, 0, 48, 372
"/Users/aaronzh/Documents/GitHub/mycode/rust-opencode-port/crates/server/src/routes/run.rs", "Rust", 163, 0, 0, 0, 0, 0, 0, 19, 182
"/Users/aaronzh/Documents/GitHub/mycode/rust-opencode-port/crates/server/src/routes/session.rs", "Rust", 686, 0, 0, 0, 0, 0, 0, 60, 746
"/Users/aaronzh/Documents/GitHub/mycode/rust-opencode-port/crates/server/src/routes/sse.rs", "Rust", 219, 0, 0, 0, 0, 0, 0, 30, 249
"/Users/aaronzh/Documents/GitHub/mycode/rust-opencode-port/crates/server/src/routes/sso.rs", "Rust", 201, 0, 0, 0, 0, 0, 0, 33, 234
"/Users/aaronzh/Documents/GitHub/mycode/rust-opencode-port/crates/server/src/routes/web_ui.rs", "Rust", 51, 0, 0, 0, 0, 0, 0, 9, 60
"/Users/aaronzh/Documents/GitHub/mycode/rust-opencode-port/crates/server/src/routes/ws.rs", "Rust", 281, 0, 0, 0, 0, 0, 0, 27, 308
"/Users/aaronzh/Documents/GitHub/mycode/rust-opencode-port/crates/server/src/server_integration_tests.rs", "Rust", 66, 0, 0, 0, 0, 0, 0, 12, 78
"/Users/aaronzh/Documents/GitHub/mycode/rust-opencode-port/crates/server/src/streaming/heartbeat.rs", "Rust", 64, 0, 0, 0, 0, 0, 0, 16, 80
"/Users/aaronzh/Documents/GitHub/mycode/rust-opencode-port/crates/server/src/streaming/mod.rs", "Rust", 248, 0, 0, 0, 0, 0, 0, 25, 273
"/Users/aaronzh/Documents/GitHub/mycode/rust-opencode-port/crates/server/static/index.html", "HTML", 0, 0, 0, 0, 0, 365, 0, 26, 391
"/Users/aaronzh/Documents/GitHub/mycode/rust-opencode-port/crates/storage/src/database.rs", "Rust", 32, 0, 0, 0, 0, 0, 0, 8, 40
"/Users/aaronzh/Documents/GitHub/mycode/rust-opencode-port/crates/storage/src/lib.rs", "Rust", 7, 0, 0, 0, 0, 0, 0, 1, 8
"/Users/aaronzh/Documents/GitHub/mycode/rust-opencode-port/crates/storage/src/migration.rs", "Rust", 88, 0, 0, 0, 0, 0, 0, 12, 100
"/Users/aaronzh/Documents/GitHub/mycode/rust-opencode-port/crates/storage/src/models.rs", "Rust", 165, 0, 0, 0, 0, 0, 0, 17, 182
"/Users/aaronzh/Documents/GitHub/mycode/rust-opencode-port/crates/storage/src/service.rs", "Rust", 327, 0, 0, 0, 0, 0, 0, 51, 378
"/Users/aaronzh/Documents/GitHub/mycode/rust-opencode-port/crates/tools/src/apply_patch.rs", "Rust", 249, 0, 0, 0, 0, 0, 1, 38, 288
"/Users/aaronzh/Documents/GitHub/mycode/rust-opencode-port/crates/tools/src/bash.rs", "Rust", 107, 0, 0, 0, 0, 0, 0, 18, 125
"/Users/aaronzh/Documents/GitHub/mycode/rust-opencode-port/crates/tools/src/batch.rs", "Rust", 77, 0, 0, 0, 0, 0, 0, 16, 93
"/Users/aaronzh/Documents/GitHub/mycode/rust-opencode-port/crates/tools/src/codesearch.rs", "Rust", 40, 0, 0, 0, 0, 0, 1, 12, 53
"/Users/aaronzh/Documents/GitHub/mycode/rust-opencode-port/crates/tools/src/edit.rs", "Rust", 415, 0, 0, 0, 0, 0, 12, 79, 506
"/Users/aaronzh/Documents/GitHub/mycode/rust-opencode-port/crates/tools/src/external_directory.rs", "Rust", 13, 0, 0, 0, 0, 0, 0, 5, 18
"/Users/aaronzh/Documents/GitHub/mycode/rust-opencode-port/crates/tools/src/file_tools.rs", "Rust", 375, 0, 0, 0, 0, 0, 0, 99, 474
"/Users/aaronzh/Documents/GitHub/mycode/rust-opencode-port/crates/tools/src/formatter_hook.rs", "Rust", 98, 0, 0, 0, 0, 0, 0, 17, 115
"/Users/aaronzh/Documents/GitHub/mycode/rust-opencode-port/crates/tools/src/git_tools.rs", "Rust", 192, 0, 0, 0, 0, 0, 0, 53, 245
"/Users/aaronzh/Documents/GitHub/mycode/rust-opencode-port/crates/tools/src/glob.rs", "Rust", 87, 0, 0, 0, 0, 0, 4, 20, 111
"/Users/aaronzh/Documents/GitHub/mycode/rust-opencode-port/crates/tools/src/grep_tool.rs", "Rust", 67, 0, 0, 0, 0, 0, 0, 16, 83
"/Users/aaronzh/Documents/GitHub/mycode/rust-opencode-port/crates/tools/src/grep_tool_test.rs", "Rust", 58, 0, 0, 0, 0, 0, 0, 16, 74
"/Users/aaronzh/Documents/GitHub/mycode/rust-opencode-port/crates/tools/src/invalid.rs", "Rust", 31, 0, 0, 0, 0, 0, 0, 7, 38
"/Users/aaronzh/Documents/GitHub/mycode/rust-opencode-port/crates/tools/src/lib.rs", "Rust", 41, 0, 0, 0, 0, 0, 0, 2, 43
"/Users/aaronzh/Documents/GitHub/mycode/rust-opencode-port/crates/tools/src/ls.rs", "Rust", 55, 0, 0, 0, 0, 0, 0, 16, 71
"/Users/aaronzh/Documents/GitHub/mycode/rust-opencode-port/crates/tools/src/lsp_tool.rs", "Rust", 415, 0, 0, 0, 0, 0, 0, 49, 464
"/Users/aaronzh/Documents/GitHub/mycode/rust-opencode-port/crates/tools/src/multiedit.rs", "Rust", 108, 0, 0, 0, 0, 0, 6, 18, 132
"/Users/aaronzh/Documents/GitHub/mycode/rust-opencode-port/crates/tools/src/plan.rs", "Rust", 36, 0, 0, 0, 0, 0, 2, 12, 50
"/Users/aaronzh/Documents/GitHub/mycode/rust-opencode-port/crates/tools/src/plan_exit.rs", "Rust", 19, 0, 0, 0, 0, 0, 0, 5, 24
"/Users/aaronzh/Documents/GitHub/mycode/rust-opencode-port/crates/tools/src/question.rs", "Rust", 58, 0, 0, 0, 0, 0, 0, 13, 71
"/Users/aaronzh/Documents/GitHub/mycode/rust-opencode-port/crates/tools/src/read.rs", "Rust", 63, 0, 0, 0, 0, 0, 0, 17, 80
"/Users/aaronzh/Documents/GitHub/mycode/rust-opencode-port/crates/tools/src/read_test.rs", "Rust", 50, 0, 0, 0, 0, 0, 0, 11, 61
"/Users/aaronzh/Documents/GitHub/mycode/rust-opencode-port/crates/tools/src/registry.rs", "Rust", 229, 0, 0, 0, 0, 0, 3, 44, 276
"/Users/aaronzh/Documents/GitHub/mycode/rust-opencode-port/crates/tools/src/schema_validation.rs", "Rust", 191, 0, 0, 0, 0, 0, 0, 26, 217
"/Users/aaronzh/Documents/GitHub/mycode/rust-opencode-port/crates/tools/src/session_tools.rs", "Rust", 74, 0, 0, 0, 0, 0, 0, 15, 89
"/Users/aaronzh/Documents/GitHub/mycode/rust-opencode-port/crates/tools/src/session_tools_test.rs", "Rust", 80, 0, 0, 0, 0, 0, 0, 15, 95
"/Users/aaronzh/Documents/GitHub/mycode/rust-opencode-port/crates/tools/src/skill.rs", "Rust", 45, 0, 0, 0, 0, 0, 0, 13, 58
"/Users/aaronzh/Documents/GitHub/mycode/rust-opencode-port/crates/tools/src/skill_test.rs", "Rust", 36, 0, 0, 0, 0, 0, 0, 7, 43
"/Users/aaronzh/Documents/GitHub/mycode/rust-opencode-port/crates/tools/src/task.rs", "Rust", 47, 0, 0, 0, 0, 0, 0, 11, 58
"/Users/aaronzh/Documents/GitHub/mycode/rust-opencode-port/crates/tools/src/todowrite.rs", "Rust", 39, 0, 0, 0, 0, 0, 0, 10, 49
"/Users/aaronzh/Documents/GitHub/mycode/rust-opencode-port/crates/tools/src/tool.rs", "Rust", 54, 0, 0, 0, 0, 0, 0, 8, 62
"/Users/aaronzh/Documents/GitHub/mycode/rust-opencode-port/crates/tools/src/truncate.rs", "Rust", 58, 0, 0, 0, 0, 0, 0, 14, 72
"/Users/aaronzh/Documents/GitHub/mycode/rust-opencode-port/crates/tools/src/truncation_dir.rs", "Rust", 80, 0, 0, 0, 0, 0, 0, 15, 95
"/Users/aaronzh/Documents/GitHub/mycode/rust-opencode-port/crates/tools/src/web_search.rs", "Rust", 104, 0, 0, 0, 0, 0, 1, 19, 124
"/Users/aaronzh/Documents/GitHub/mycode/rust-opencode-port/crates/tools/src/webfetch.rs", "Rust", 132, 0, 0, 0, 0, 0, 0, 30, 162
"/Users/aaronzh/Documents/GitHub/mycode/rust-opencode-port/crates/tools/src/write.rs", "Rust", 35, 0, 0, 0, 0, 0, 0, 11, 46
"/Users/aaronzh/Documents/GitHub/mycode/rust-opencode-port/crates/tools/src/write_test.rs", "Rust", 54, 0, 0, 0, 0, 0, 0, 14, 68
"/Users/aaronzh/Documents/GitHub/mycode/rust-opencode-port/crates/tools/tests/tool_test.rs", "Rust", 8, 0, 0, 0, 0, 0, 0, 1, 9
"/Users/aaronzh/Documents/GitHub/mycode/rust-opencode-port/crates/tui/src/app.rs", "Rust", 3991, 0, 0, 0, 0, 0, 9, 303, 4303
"/Users/aaronzh/Documents/GitHub/mycode/rust-opencode-port/crates/tui/src/cli/args.rs", "Rust", 149, 0, 0, 0, 0, 0, 0, 29, 178
"/Users/aaronzh/Documents/GitHub/mycode/rust-opencode-port/crates/tui/src/cli/mod.rs", "Rust", 2, 0, 0, 0, 0, 0, 0, 2, 4
"/Users/aaronzh/Documents/GitHub/mycode/rust-opencode-port/crates/tui/src/command.rs", "Rust", 320, 0, 0, 0, 0, 0, 20, 15, 355
"/Users/aaronzh/Documents/GitHub/mycode/rust-opencode-port/crates/tui/src/components.rs", "Rust", 20, 0, 0, 0, 0, 0, 0, 3, 23
"/Users/aaronzh/Documents/GitHub/mycode/rust-opencode-port/crates/tui/src/components/banner.rs", "Rust", 191, 0, 0, 0, 0, 0, 0, 28, 219
"/Users/aaronzh/Documents/GitHub/mycode/rust-opencode-port/crates/tui/src/components/diff_view.rs", "Rust", 151, 0, 0, 0, 0, 0, 0, 26, 177
"/Users/aaronzh/Documents/GitHub/mycode/rust-opencode-port/crates/tui/src/components/file_tree.rs", "Rust", 159, 0, 0, 0, 0, 0, 0, 24, 183
"/Users/aaronzh/Documents/GitHub/mycode/rust-opencode-port/crates/tui/src/components/input_widget.rs", "Rust", 559, 0, 0, 0, 0, 0, 0, 76, 635
"/Users/aaronzh/Documents/GitHub/mycode/rust-opencode-port/crates/tui/src/components/right_panel.rs", "Rust", 77, 0, 0, 0, 0, 0, 0, 15, 92
"/Users/aaronzh/Documents/GitHub/mycode/rust-opencode-port/crates/tui/src/components/skills_panel.rs", "Rust", 195, 0, 0, 0, 0, 0, 0, 21, 216
"/Users/aaronzh/Documents/GitHub/mycode/rust-opencode-port/crates/tui/src/components/status_bar.rs", "Rust", 289, 0, 0, 0, 0, 0, 0, 39, 328
"/Users/aaronzh/Documents/GitHub/mycode/rust-opencode-port/crates/tui/src/components/terminal_panel.rs", "Rust", 137, 0, 0, 0, 0, 0, 0, 28, 165
"/Users/aaronzh/Documents/GitHub/mycode/rust-opencode-port/crates/tui/src/components/title_bar.rs", "Rust", 161, 0, 0, 0, 0, 0, 0, 19, 180
"/Users/aaronzh/Documents/GitHub/mycode/rust-opencode-port/crates/tui/src/components/virtual_list.rs", "Rust", 176, 0, 0, 0, 0, 0, 0, 38, 214
"/Users/aaronzh/Documents/GitHub/mycode/rust-opencode-port/crates/tui/src/config.rs", "Rust", 294, 0, 0, 0, 0, 0, 0, 32, 326
"/Users/aaronzh/Documents/GitHub/mycode/rust-opencode-port/crates/tui/src/dialogs/connect_method.rs", "Rust", 100, 0, 0, 0, 0, 0, 0, 11, 111
"/Users/aaronzh/Documents/GitHub/mycode/rust-opencode-port/crates/tui/src/dialogs/connect_model.rs", "Rust", 108, 0, 0, 0, 0, 0, 0, 11, 119
"/Users/aaronzh/Documents/GitHub/mycode/rust-opencode-port/crates/tui/src/dialogs/connect_provider.rs", "Rust", 90, 0, 0, 0, 0, 0, 0, 10, 100
"/Users/aaronzh/Documents/GitHub/mycode/rust-opencode-port/crates/tui/src/dialogs/diff_review.rs", "Rust", 564, 0, 0, 0, 0, 0, 0, 58, 622
"/Users/aaronzh/Documents/GitHub/mycode/rust-opencode-port/crates/tui/src/dialogs/directory_selection.rs", "Rust", 133, 0, 0, 0, 0, 0, 0, 20, 153
"/Users/aaronzh/Documents/GitHub/mycode/rust-opencode-port/crates/tui/src/dialogs/file_selection.rs", "Rust", 186, 0, 0, 0, 0, 0, 0, 24, 210
"/Users/aaronzh/Documents/GitHub/mycode/rust-opencode-port/crates/tui/src/dialogs/mod.rs", "Rust", 37, 0, 0, 0, 0, 0, 0, 5, 42
"/Users/aaronzh/Documents/GitHub/mycode/rust-opencode-port/crates/tui/src/dialogs/model_selection.rs", "Rust", 170, 0, 0, 0, 0, 0, 0, 17, 187
"/Users/aaronzh/Documents/GitHub/mycode/rust-opencode-port/crates/tui/src/dialogs/provider_management.rs", "Rust", 141, 0, 0, 0, 0, 0, 0, 18, 159
"/Users/aaronzh/Documents/GitHub/mycode/rust-opencode-port/crates/tui/src/dialogs/release_notes.rs", "Rust", 74, 0, 0, 0, 0, 0, 0, 11, 85
"/Users/aaronzh/Documents/GitHub/mycode/rust-opencode-port/crates/tui/src/dialogs/settings.rs", "Rust", 175, 0, 0, 0, 0, 0, 0, 22, 197
"/Users/aaronzh/Documents/GitHub/mycode/rust-opencode-port/crates/tui/src/dialogs/slash_command.rs", "Rust", 128, 0, 0, 0, 0, 0, 0, 19, 147
"/Users/aaronzh/Documents/GitHub/mycode/rust-opencode-port/crates/tui/src/file_ref_handler.rs", "Rust", 356, 0, 0, 0, 0, 0, 0, 61, 417
"/Users/aaronzh/Documents/GitHub/mycode/rust-opencode-port/crates/tui/src/input/completer.rs", "Rust", 166, 0, 0, 0, 0, 0, 0, 27, 193
"/Users/aaronzh/Documents/GitHub/mycode/rust-opencode-port/crates/tui/src/input/editor.rs", "Rust", 67, 0, 0, 0, 0, 0, 0, 17, 84
"/Users/aaronzh/Documents/GitHub/mycode/rust-opencode-port/crates/tui/src/input/history.rs", "Rust", 119, 0, 0, 0, 0, 0, 0, 27, 146
"/Users/aaronzh/Documents/GitHub/mycode/rust-opencode-port/crates/tui/src/input/input_box.rs", "Rust", 223, 0, 0, 0, 0, 0, 0, 28, 251
"/Users/aaronzh/Documents/GitHub/mycode/rust-opencode-port/crates/tui/src/input/mod.rs", "Rust", 12, 0, 0, 0, 0, 0, 0, 2, 14
"/Users/aaronzh/Documents/GitHub/mycode/rust-opencode-port/crates/tui/src/input/parser.rs", "Rust", 216, 0, 0, 0, 0, 0, 0, 30, 246
"/Users/aaronzh/Documents/GitHub/mycode/rust-opencode-port/crates/tui/src/input/processor.rs", "Rust", 160, 0, 0, 0, 0, 0, 0, 26, 186
"/Users/aaronzh/Documents/GitHub/mycode/rust-opencode-port/crates/tui/src/input_parser.rs", "Rust", 226, 0, 0, 0, 0, 0, 0, 39, 265
"/Users/aaronzh/Documents/GitHub/mycode/rust-opencode-port/crates/tui/src/layout.rs", "Rust", 227, 0, 0, 0, 0, 0, 0, 30, 257
"/Users/aaronzh/Documents/GitHub/mycode/rust-opencode-port/crates/tui/src/lib.rs", "Rust", 42, 0, 0, 0, 0, 0, 0, 2, 44
"/Users/aaronzh/Documents/GitHub/mycode/rust-opencode-port/crates/tui/src/patch_preview.rs", "Rust", 91, 0, 0, 0, 0, 0, 0, 16, 107
"/Users/aaronzh/Documents/GitHub/mycode/rust-opencode-port/crates/tui/src/render/markdown.rs", "Rust", 418, 0, 0, 0, 0, 0, 0, 23, 441
"/Users/aaronzh/Documents/GitHub/mycode/rust-opencode-port/crates/tui/src/render/mod.rs", "Rust", 4, 0, 0, 0, 0, 0, 0, 1, 5
"/Users/aaronzh/Documents/GitHub/mycode/rust-opencode-port/crates/tui/src/render/syntax_highlight.rs", "Rust", 108, 0, 0, 0, 0, 0, 0, 17, 125
"/Users/aaronzh/Documents/GitHub/mycode/rust-opencode-port/crates/tui/src/right_panel.rs", "Rust", 324, 0, 0, 0, 0, 0, 0, 27, 351
"/Users/aaronzh/Documents/GitHub/mycode/rust-opencode-port/crates/tui/src/server_protocol.rs", "Rust", 116, 0, 0, 0, 0, 0, 0, 8, 124
"/Users/aaronzh/Documents/GitHub/mycode/rust-opencode-port/crates/tui/src/server_ws.rs", "Rust", 129, 0, 0, 0, 0, 0, 0, 20, 149
"/Users/aaronzh/Documents/GitHub/mycode/rust-opencode-port/crates/tui/src/session.rs", "Rust", 184, 0, 0, 0, 0, 0, 0, 30, 214
"/Users/aaronzh/Documents/GitHub/mycode/rust-opencode-port/crates/tui/src/shell_handler.rs", "Rust", 409, 0, 0, 0, 0, 0, 0, 56, 465
"/Users/aaronzh/Documents/GitHub/mycode/rust-opencode-port/crates/tui/src/theme.rs", "Rust", 498, 0, 0, 0, 0, 0, 0, 63, 561
"/Users/aaronzh/Documents/GitHub/mycode/rust-opencode-port/crates/tui/src/widgets/code_block.rs", "Rust", 78, 0, 0, 0, 0, 0, 0, 18, 96
"/Users/aaronzh/Documents/GitHub/mycode/rust-opencode-port/crates/tui/src/widgets/command_palette.rs", "Rust", 136, 0, 0, 0, 0, 0, 0, 24, 160
"/Users/aaronzh/Documents/GitHub/mycode/rust-opencode-port/crates/tui/src/widgets/file_selection.rs", "Rust", 66, 0, 0, 0, 0, 0, 0, 13, 79
"/Users/aaronzh/Documents/GitHub/mycode/rust-opencode-port/crates/tui/src/widgets/indicators.rs", "Rust", 94, 0, 0, 0, 0, 0, 1, 20, 115
"/Users/aaronzh/Documents/GitHub/mycode/rust-opencode-port/crates/tui/src/widgets/message_bubble.rs", "Rust", 74, 0, 0, 0, 0, 0, 0, 11, 85
"/Users/aaronzh/Documents/GitHub/mycode/rust-opencode-port/crates/tui/src/widgets/mod.rs", "Rust", 14, 0, 0, 0, 0, 0, 0, 2, 16
"/Users/aaronzh/Documents/GitHub/mycode/rust-opencode-port/crates/tui/src/widgets/scrollbar.rs", "Rust", 41, 0, 0, 0, 0, 0, 0, 6, 47
"/Users/aaronzh/Documents/GitHub/mycode/rust-opencode-port/crates/tui/src/widgets/spinner.rs", "Rust", 71, 0, 0, 0, 0, 0, 0, 11, 82
"/Users/aaronzh/Documents/GitHub/mycode/rust-opencode-port/crates/tui/tests/component_tests.rs", "Rust", 48, 0, 0, 0, 0, 0, 0, 9, 57
"/Users/aaronzh/Documents/GitHub/mycode/rust-opencode-port/crates/tui/tests/input_widget_integration.rs", "Rust", 121, 0, 0, 0, 0, 0, 0, 22, 143
"/Users/aaronzh/Documents/GitHub/mycode/rust-opencode-port/crates/tui/themes/catppuccin.json", "JSON", 0, 0, 0, 1, 0, 0, 0, 1, 2
"/Users/aaronzh/Documents/GitHub/mycode/rust-opencode-port/crates/tui/themes/gruvbox.json", "JSON", 0, 0, 0, 1, 0, 0, 0, 1, 2
"/Users/aaronzh/Documents/GitHub/mycode/rust-opencode-port/crates/tui/themes/nord.json", "JSON", 0, 0, 0, 1, 0, 0, 0, 1, 2
"/Users/aaronzh/Documents/GitHub/mycode/rust-opencode-port/crates/tui/themes/tokyonight.json", "JSON", 0, 0, 0, 1, 0, 0, 0, 1, 2
"/Users/aaronzh/Documents/GitHub/mycode/rust-opencode-port/opencode-benches/benches/session_operations.rs", "Rust", 48, 0, 0, 0, 0, 0, 0, 8, 56
"/Users/aaronzh/Documents/GitHub/mycode/rust-opencode-port/opencode-benches/benches/tool_execution.rs", "Rust", 22, 0, 0, 0, 0, 0, 0, 5, 27
"/Users/aaronzh/Documents/GitHub/mycode/rust-opencode-port/tests/integration_infrastructure.rs", "Rust", 34, 0, 0, 0, 0, 0, 0, 8, 42
"/Users/aaronzh/Documents/GitHub/mycode/rust-opencode-port/tests/src/agent_llm_tests.rs", "Rust", 154, 0, 0, 0, 0, 0, 0, 44, 198
"/Users/aaronzh/Documents/GitHub/mycode/rust-opencode-port/tests/src/agent_tool_tests.rs", "Rust", 160, 0, 0, 0, 0, 0, 0, 36, 196
"/Users/aaronzh/Documents/GitHub/mycode/rust-opencode-port/tests/src/common/config.rs", "Rust", 85, 0, 0, 0, 0, 0, 0, 15, 100
"/Users/aaronzh/Documents/GitHub/mycode/rust-opencode-port/tests/src/common/mock_llm.rs", "Rust", 177, 0, 0, 0, 0, 0, 0, 33, 210
"/Users/aaronzh/Documents/GitHub/mycode/rust-opencode-port/tests/src/common/mock_server.rs", "Rust", 219, 0, 0, 0, 0, 0, 0, 33, 252
"/Users/aaronzh/Documents/GitHub/mycode/rust-opencode-port/tests/src/common/mod.rs", "Rust", 8, 0, 0, 0, 0, 0, 0, 2, 10
"/Users/aaronzh/Documents/GitHub/mycode/rust-opencode-port/tests/src/common/temp_project.rs", "Rust", 106, 0, 0, 0, 0, 0, 14, 18, 138
"/Users/aaronzh/Documents/GitHub/mycode/rust-opencode-port/tests/src/lib.rs", "Rust", 10, 0, 0, 0, 0, 0, 0, 1, 11
"/Users/aaronzh/Documents/GitHub/mycode/rust-opencode-port/tests/src/mcp_protocol_tests.rs", "Rust", 64, 0, 0, 0, 0, 0, 0, 17, 81
"/Users/aaronzh/Documents/GitHub/mycode/rust-opencode-port/tests/src/session_storage_tests.rs", "Rust", 148, 0, 0, 0, 0, 0, 0, 46, 194
"Total", "-", 58003, 150, 41, 27, 70, 365, 1020, 9320, 68996